{"dbmsBuild":"3419ae5485d9aa5a2bb25c665beb99dfec63232a","settings":{"dateTimeFormat":"yyyy-MM-dd HH:mm:ss","dateFormat":"yyyy-MM-dd","timeZone":"Etc/UTC"},"types":{"address":{"indexes":{},"buckets":["address_0","address_1","address_2","address_3","address_4","address_5","address_6","address_7"],"custom":{},"type":"v","properties":{},"parents":[]},"officer":{"indexes":{},"buckets":["officer_0","officer_1","officer_2","officer_3","officer_4","officer_5","officer_6","officer_7"],"custom":{},"type":"v","properties":{},"parents":[]},"officer_of":{"indexes":{},"buckets":["officer_of_0","officer_of_1","officer_of_2","officer_of_3","officer_of_4","officer_of_5","officer_of_6","officer_of_7"],"custom":{},"type":"e","properties":{},"parents":[]},"intermediary":{"indexes":{},"buckets":["intermediary_0","intermediary_1","intermediary_2","intermediary_3","intermediary_4","intermediary_5","intermediary_6","intermediary_7"],"custom":{},"type":"v","properties":{},"parents":[]},"entity":{"indexes":{},"buckets":["entity_0","entity_1","entity_2","entity_3","entity_4","entity_5","entity_6","entity_7"],"custom":{},"type":"v","properties":{},"parents":[]}},"schemaVersion":6,"dbmsVersion":"22.11.1-SNAPSHOT"}